{
  "split": "dev",
  "limit": null,
  "model_id": "claude-sonnet-4-6",
  "timestamp": 1776250374.1341827,
  "metrics": {
    "precision": 0.9233333333333333,
    "recall": 0.9233333333333333,
    "f1": 0.9233333333333333,
    "macro_f1": 0.9184782310799774,
    "per_class": {
      "supported": {
        "precision": 0.9722222222222222,
        "recall": 0.8467741935483871,
        "f1": 0.9051724137931034
      },
      "unsupported": {
        "precision": 0.8450704225352113,
        "recall": 0.9375,
        "f1": 0.8888888888888888
      },
      "not_addressed": {
        "precision": 0.9256198347107438,
        "recall": 1.0,
        "f1": 0.9613733905579399
      }
    }
  },
  "n_claims": 300,
  "n_supported_gt": 124,
  "n_unsupported_gt": 64,
  "n_not_addressed_gt": 112,
  "total_cost_usd": 0.8368109999999995
}