{
  "approach": "direct_llm_naive",
  "model_id": "claude-sonnet-4-6",
  "limit": 50,
  "timestamp": 1776250599.1035392,
  "metrics": {
    "precision": 0.62,
    "recall": 0.62,
    "f1": 0.62,
    "macro_f1": 0.6049654305468258,
    "per_class": {
      "supported": {
        "precision": 1.0,
        "recall": 0.6086956521739131,
        "f1": 0.7567567567567568
      },
      "unsupported": {
        "precision": 1.0,
        "recall": 0.3333333333333333,
        "f1": 0.5
      },
      "not_addressed": {
        "precision": 0.3870967741935484,
        "recall": 1.0,
        "f1": 0.5581395348837209
      }
    }
  },
  "n_claims": 50,
  "total_tokens_in": 20821,
  "total_tokens_out": 2562,
  "total_cost_usd": 0.10089300000000001
}